-- MySQL dump 10.13  Distrib 8.0.43, for Win64 (x86_64)
--
-- Host: 127.0.0.1    Database: javaweb
-- ------------------------------------------------------
-- Server version	8.0.43

/*!40101 SET @OLD_CHARACTER_SET_CLIENT=@@CHARACTER_SET_CLIENT */;
/*!40101 SET @OLD_CHARACTER_SET_RESULTS=@@CHARACTER_SET_RESULTS */;
/*!40101 SET @OLD_COLLATION_CONNECTION=@@COLLATION_CONNECTION */;
/*!50503 SET NAMES utf8mb4 */;
/*!40103 SET @OLD_TIME_ZONE=@@TIME_ZONE */;
/*!40103 SET TIME_ZONE='+00:00' */;
/*!40014 SET @OLD_UNIQUE_CHECKS=@@UNIQUE_CHECKS, UNIQUE_CHECKS=0 */;
/*!40014 SET @OLD_FOREIGN_KEY_CHECKS=@@FOREIGN_KEY_CHECKS, FOREIGN_KEY_CHECKS=0 */;
/*!40101 SET @OLD_SQL_MODE=@@SQL_MODE, SQL_MODE='NO_AUTO_VALUE_ON_ZERO' */;
/*!40111 SET @OLD_SQL_NOTES=@@SQL_NOTES, SQL_NOTES=0 */;

--
-- Table structure for table `admin_log`
--

DROP TABLE IF EXISTS `admin_log`;
/*!40101 SET @saved_cs_client     = @@character_set_client */;
/*!50503 SET character_set_client = utf8mb4 */;
CREATE TABLE `admin_log` (
  `id` bigint NOT NULL AUTO_INCREMENT,
  `admin_id` bigint NOT NULL COMMENT 'ж“ҚдҪңз®ЎзҗҶе‘ҳID',
  `admin_username` varchar(50) NOT NULL COMMENT 'ж“ҚдҪңз®ЎзҗҶе‘ҳз”ЁжҲ·еҗҚ',
  `action` varchar(50) NOT NULL COMMENT 'ж“ҚдҪңзұ»еһӢ: RESET_PASSWORD/BAN_USER/UNBAN_USER/UPDATE_POST_STATUS/UPDATE_COMMENT_STATUS/BATCH_UPDATE_POST_STATUS/BATCH_UPDATE_COMMENT_STATUS',
  `target_type` varchar(20) NOT NULL COMMENT 'ж“ҚдҪңеҜ№иұЎзұ»еһӢ: USER/POST/COMMENT',
  `target_id` bigint DEFAULT NULL COMMENT 'ж“ҚдҪңеҜ№иұЎID(жү№йҮҸж“ҚдҪңж—¶дёәNULL)',
  `detail` varchar(500) DEFAULT NULL COMMENT 'ж“ҚдҪңиҜҰжғ…жҸҸиҝ°',
  `created_at` datetime NOT NULL DEFAULT CURRENT_TIMESTAMP COMMENT 'ж“ҚдҪңж—¶й—ҙ',
  PRIMARY KEY (`id`),
  KEY `idx_admin_id` (`admin_id`),
  KEY `idx_created_at` (`created_at`)
) ENGINE=InnoDB AUTO_INCREMENT=17 DEFAULT CHARSET=utf8mb4 COLLATE=utf8mb4_0900_ai_ci COMMENT='з®ЎзҗҶе‘ҳж“ҚдҪңж—Ҙеҝ—иЎЁ';
/*!40101 SET character_set_client = @saved_cs_client */;

--
-- Dumping data for table `admin_log`
--

LOCK TABLES `admin_log` WRITE;
/*!40000 ALTER TABLE `admin_log` DISABLE KEYS */;
INSERT INTO `admin_log` VALUES (1,1,'fx','RESET_PASSWORD','USER',1,'йҮҚзҪ®з”ЁжҲ· fx зҡ„еҜҶз Ғ','2026-05-27 16:24:04'),(2,1,'fx','BAN_USER','USER',3,'е°ҒзҰҒз”ЁжҲ· жү«зҰҸз‘һ','2026-05-27 16:26:48'),(3,1,'fx','UNBAN_USER','USER',3,'и§Је°Ғз”ЁжҲ· жү«зҰҸз‘һ','2026-05-27 16:32:21'),(4,1,'fx','BAN_USER','USER',3,'е°ҒзҰҒз”ЁжҲ· жү«зҰҸз‘һ','2026-05-27 16:32:23'),(5,1,'fx','BAN_USER','USER',4,'е°ҒзҰҒз”ЁжҲ· testban','2026-05-27 16:43:47'),(6,1,'fx','UNBAN_USER','USER',4,'и§Је°Ғз”ЁжҲ· testban','2026-05-27 19:51:50'),(7,1,'fx','UPDATE_POST_STATUS','POST',1,'е°Ҷеё–еӯҗ иҝҷжҳҜдёҖдёӘеё–еӯҗ зҠ¶жҖҒдҝ®ж”№дёә DELETED','2026-06-01 10:33:01'),(8,1,'fx','UPDATE_POST_STATUS','POST',1,'е°Ҷеё–еӯҗ иҝҷжҳҜдёҖдёӘеё–еӯҗ зҠ¶жҖҒдҝ®ж”№дёә NORMAL','2026-06-01 10:33:07'),(9,1,'fx','UPDATE_POST_STATUS','POST',1,'е°Ҷеё–еӯҗ иҝҷжҳҜдёҖдёӘеё–еӯҗ зҠ¶жҖҒдҝ®ж”№дёә BLOCKED','2026-06-01 10:33:09'),(10,1,'fx','UPDATE_POST_STATUS','POST',1,'е°Ҷеё–еӯҗ иҝҷжҳҜдёҖдёӘеё–еӯҗ зҠ¶жҖҒдҝ®ж”№дёә NORMAL','2026-06-01 10:33:11'),(11,1,'fx','UPDATE_POST_STATUS','POST',1,'е°Ҷеё–еӯҗ иҝҷжҳҜдёҖдёӘеё–еӯҗ зҠ¶жҖҒдҝ®ж”№дёә BLOCKED','2026-06-01 10:33:16'),(12,1,'fx','UPDATE_POST_STATUS','POST',1,'е°Ҷеё–еӯҗ иҝҷжҳҜдёҖдёӘеё–еӯҗ зҠ¶жҖҒдҝ®ж”№дёә DELETED','2026-06-01 10:33:32'),(13,1,'fx','UPDATE_POST_STATUS','POST',1,'е°Ҷеё–еӯҗ иҝҷжҳҜдёҖдёӘеё–еӯҗ зҠ¶жҖҒдҝ®ж”№дёә NORMAL','2026-06-01 10:33:43'),(14,1,'fx','RESET_PASSWORD','USER',3,'йҮҚзҪ®з”ЁжҲ· жү«зҰҸз‘һ зҡ„еҜҶз Ғ','2026-06-03 14:47:00'),(15,1,'fx','UNBAN_USER','USER',3,'и§Је°Ғз”ЁжҲ· жү«зҰҸз‘һ','2026-06-03 14:47:35'),(16,1,'fx','RESTORE_BOARD','BOARD',4,'жҒўеӨҚиҙҙеҗ§ еӯҷеҗ§','2026-06-03 18:23:07');
/*!40000 ALTER TABLE `admin_log` ENABLE KEYS */;
UNLOCK TABLES;

--
-- Table structure for table `board`
--

DROP TABLE IF EXISTS `board`;
/*!40101 SET @saved_cs_client     = @@character_set_client */;
/*!50503 SET character_set_client = utf8mb4 */;
CREATE TABLE `board` (
  `id` bigint NOT NULL AUTO_INCREMENT,
  `name` varchar(50) NOT NULL COMMENT 'жқҝеқ—еҗҚз§°',
  `description` varchar(255) DEFAULT NULL COMMENT 'жқҝеқ—жҸҸиҝ°/и§„еҲҷ',
  `creator_id` bigint NOT NULL COMMENT 'еҲӣе»әиҖ…(зүҲдё»)ID',
  `status` varchar(20) NOT NULL DEFAULT 'ACTIVE' COMMENT 'зҠ¶жҖҒ: ACTIVE(жӯЈеёё), HIDDEN(йҡҗи—Ҹ)',
  `created_at` datetime NOT NULL DEFAULT CURRENT_TIMESTAMP COMMENT 'еҲӣе»әж—¶й—ҙ',
  `updated_at` datetime NOT NULL DEFAULT CURRENT_TIMESTAMP ON UPDATE CURRENT_TIMESTAMP COMMENT 'жӣҙж–°ж—¶й—ҙ',
  `avatar` varchar(500) DEFAULT NULL COMMENT 'еҗ§еӨҙеғҸURL',
  PRIMARY KEY (`id`),
  KEY `idx_creator` (`creator_id`)
) ENGINE=InnoDB AUTO_INCREMENT=6 DEFAULT CHARSET=utf8mb4 COLLATE=utf8mb4_0900_ai_ci COMMENT='жқҝеқ—иЎЁ';
/*!40101 SET character_set_client = @saved_cs_client */;

--
-- Dumping data for table `board`
--

LOCK TABLES `board` WRITE;
/*!40000 ALTER TABLE `board` DISABLE KEYS */;
INSERT INTO `board` VALUES (1,'иҝҷжҳҜдёҖдёӘеҗ§','',1,'ACTIVE','2026-06-01 10:29:34','2026-06-01 10:29:34',NULL),(2,'еӯҷз¬‘е·қеҗ§','',5,'ACTIVE','2026-06-03 13:35:21','2026-06-03 13:35:21',NULL),(3,'жөӢиҜ•еҗ§жҳҜеҗҰеҸҜд»Ҙз®ЎзҗҶи°ғж•ҙ','жөӢиҜ•',6,'ACTIVE','2026-06-03 13:43:17','2026-06-03 13:43:17',NULL),(4,'еӯҷеҗ§','',6,'ACTIVE','2026-06-03 14:15:36','2026-06-03 18:15:26',NULL),(5,'жөӢиҜ•еҗ§зҡ„дҝЎжҒҜз»ҙжҠӨ','жөӢиҜ•',5,'ACTIVE','2026-06-03 15:16:27','2026-06-03 16:23:17','/uploads/avatars/board_5_54caf073.jpg');
/*!40000 ALTER TABLE `board` ENABLE KEYS */;
UNLOCK TABLES;

--
-- Table structure for table `browse_history`
--

DROP TABLE IF EXISTS `browse_history`;
/*!40101 SET @saved_cs_client     = @@character_set_client */;
/*!50503 SET character_set_client = utf8mb4 */;
CREATE TABLE `browse_history` (
  `id` bigint NOT NULL AUTO_INCREMENT,
  `user_id` bigint NOT NULL COMMENT 'з”ЁжҲ·ID',
  `post_id` bigint NOT NULL COMMENT 'её–еӯҗID',
  `browse_time` datetime NOT NULL DEFAULT CURRENT_TIMESTAMP COMMENT 'жөҸи§Ҳж—¶й—ҙ',
  PRIMARY KEY (`id`),
  KEY `idx_history_user` (`user_id`,`browse_time` DESC),
  KEY `idx_history_post` (`post_id`)
) ENGINE=InnoDB AUTO_INCREMENT=35 DEFAULT CHARSET=utf8mb4 COLLATE=utf8mb4_0900_ai_ci COMMENT='жөҸи§ҲеҺҶеҸІиЎЁ';
/*!40101 SET character_set_client = @saved_cs_client */;

--
-- Dumping data for table `browse_history`
--

LOCK TABLES `browse_history` WRITE;
/*!40000 ALTER TABLE `browse_history` DISABLE KEYS */;
INSERT INTO `browse_history` VALUES (1,5,1,'2026-06-03 14:28:41'),(2,5,1,'2026-06-03 14:28:45'),(3,5,2,'2026-06-03 14:32:24'),(4,6,3,'2026-06-03 14:34:49'),(5,6,2,'2026-06-03 14:35:04'),(6,5,5,'2026-06-03 14:43:57'),(7,6,5,'2026-06-03 14:44:50'),(8,1,5,'2026-06-03 14:45:31'),(9,1,5,'2026-06-03 14:47:43'),(10,1,5,'2026-06-03 14:53:23'),(11,5,5,'2026-06-03 14:53:45'),(12,5,5,'2026-06-03 14:53:51'),(13,5,5,'2026-06-03 14:54:04'),(14,5,5,'2026-06-03 14:54:10'),(15,5,5,'2026-06-03 14:56:06'),(16,5,6,'2026-06-03 14:56:31'),(17,5,6,'2026-06-03 14:56:42'),(18,6,7,'2026-06-03 15:22:26'),(19,5,7,'2026-06-03 15:22:49'),(20,5,8,'2026-06-03 16:13:12'),(21,6,9,'2026-06-03 16:14:57'),(22,6,8,'2026-06-03 16:21:43'),(23,6,8,'2026-06-03 16:21:48'),(24,6,9,'2026-06-03 16:24:16'),(25,6,8,'2026-06-03 16:24:19'),(26,6,8,'2026-06-03 16:28:46'),(27,5,9,'2026-06-03 16:35:42'),(28,5,8,'2026-06-03 16:35:46'),(29,5,8,'2026-06-03 16:41:15'),(30,1,9,'2026-06-03 16:50:57'),(31,1,8,'2026-06-03 16:54:48'),(32,1,6,'2026-06-03 18:29:31'),(33,1,6,'2026-06-03 18:30:09'),(34,5,5,'2026-06-03 18:44:01');
/*!40000 ALTER TABLE `browse_history` ENABLE KEYS */;
UNLOCK TABLES;

--
-- Table structure for table `comment`
--

DROP TABLE IF EXISTS `comment`;
/*!40101 SET @saved_cs_client     = @@character_set_client */;
/*!50503 SET character_set_client = utf8mb4 */;
CREATE TABLE `comment` (
  `id` bigint NOT NULL AUTO_INCREMENT,
  `post_id` bigint NOT NULL COMMENT 'жүҖеұһеё–еӯҗID',
  `author_id` bigint NOT NULL COMMENT 'иҜ„и®әдәәID',
  `content` text NOT NULL COMMENT 'иҜ„и®әеҶ…е®№',
  `parent_comment_id` bigint DEFAULT NULL COMMENT 'зҲ¶иҜ„и®әID(еҰӮжһңдёәз©әеҲҷжҳҜзӣҙжҺҘеӣһеӨҚеё–еӯҗпјҢжңүеҖјеҲҷжҳҜжҘјдёӯжҘјеӣһеӨҚ)',
  `is_accepted` tinyint(1) NOT NULL DEFAULT '0' COMMENT 'жҳҜеҗҰиў«йўҳдё»йҮҮзәі(д»…й’ҲеҜ№жӮ¬иөҸеё–пјҢ0-еҗҰ, 1-жҳҜ)',
  `status` varchar(20) NOT NULL DEFAULT 'ACTIVE' COMMENT 'зҠ¶жҖҒ: ACTIVE(жӯЈеёё), DELETED(е·ІеҲ йҷӨ)',
  `created_at` datetime NOT NULL DEFAULT CURRENT_TIMESTAMP COMMENT 'иҜ„и®әж—¶й—ҙ',
  `updated_at` datetime NOT NULL DEFAULT CURRENT_TIMESTAMP ON UPDATE CURRENT_TIMESTAMP COMMENT 'жӣҙж–°ж—¶й—ҙ',
  PRIMARY KEY (`id`),
  KEY `idx_author_id` (`author_id`),
  KEY `idx_post_id` (`post_id`)
) ENGINE=InnoDB AUTO_INCREMENT=9 DEFAULT CHARSET=utf8mb4 COLLATE=utf8mb4_0900_ai_ci COMMENT='иҜ„и®әеӣһеӨҚиЎЁ';
/*!40101 SET character_set_client = @saved_cs_client */;

--
-- Dumping data for table `comment`
--

LOCK TABLES `comment` WRITE;
/*!40000 ALTER TABLE `comment` DISABLE KEYS */;
INSERT INTO `comment` VALUES (1,1,5,'дҪ еҘҪ',NULL,0,'NORMAL','2026-06-01 17:11:04','2026-06-01 17:11:04'),(2,1,6,'дҪ еҘҪ',NULL,0,'NORMAL','2026-06-03 13:38:29','2026-06-03 13:38:29'),(3,4,5,'дҪ еҘҪ',NULL,0,'NORMAL','2026-06-03 13:47:13','2026-06-03 13:47:13'),(4,4,6,'дҪ еҘҪ',NULL,0,'NORMAL','2026-06-03 13:47:34','2026-06-03 13:47:34'),(5,5,6,'жөӢиҜ•жҺҘеҸ—жӮ¬иөҸ',NULL,1,'NORMAL','2026-06-03 14:44:59','2026-06-03 14:53:46'),(6,6,5,'дҪ еҘҪ',NULL,1,'NORMAL','2026-06-03 14:56:35','2026-06-03 14:56:43'),(7,8,5,'жөӢиҜ•жҙ»и·ғеәҰжӣҙж–°',NULL,0,'NORMAL','2026-06-03 16:13:22','2026-06-03 16:13:22'),(8,8,6,'жөӢиҜ•',NULL,0,'NORMAL','2026-06-03 16:21:54','2026-06-03 17:59:22');
/*!40000 ALTER TABLE `comment` ENABLE KEYS */;
UNLOCK TABLES;

--
-- Table structure for table `daily_check_in`
--

DROP TABLE IF EXISTS `daily_check_in`;
/*!40101 SET @saved_cs_client     = @@character_set_client */;
/*!50503 SET character_set_client = utf8mb4 */;
CREATE TABLE `daily_check_in` (
  `id` bigint NOT NULL AUTO_INCREMENT,
  `user_id` bigint NOT NULL COMMENT 'йҗўг„ҰеҹӣID',
  `check_in_date` date NOT NULL COMMENT 'з»ӣжғ§еҹҢйҸғгғҰж№Ў',
  `points_awarded` int NOT NULL DEFAULT '0' COMMENT 'й‘ҫеі°з·ұз»ү?еһҺ',
  `created_at` datetime NOT NULL DEFAULT CURRENT_TIMESTAMP COMMENT 'з»ӣжғ§еҹҢйҸғе •жЈҝ',
  PRIMARY KEY (`id`),
  UNIQUE KEY `uk_user_date` (`user_id`,`check_in_date`),
  KEY `idx_user_id` (`user_id`)
) ENGINE=InnoDB AUTO_INCREMENT=5 DEFAULT CHARSET=utf8mb4 COLLATE=utf8mb4_0900_ai_ci COMMENT='е§Јеҝ”жЈ©з»ӣжғ§еҹҢзҗӣ';
/*!40101 SET character_set_client = @saved_cs_client */;

--
-- Dumping data for table `daily_check_in`
--

LOCK TABLES `daily_check_in` WRITE;
/*!40000 ALTER TABLE `daily_check_in` DISABLE KEYS */;
INSERT INTO `daily_check_in` VALUES (1,6,'2026-06-03',15,'2026-06-03 14:14:53'),(2,5,'2026-06-03',11,'2026-06-03 14:28:36'),(3,1,'2026-06-03',14,'2026-06-03 18:21:28'),(4,3,'2026-06-03',13,'2026-06-03 18:46:55');
/*!40000 ALTER TABLE `daily_check_in` ENABLE KEYS */;
UNLOCK TABLES;

--
-- Table structure for table `friend_relation`
--

DROP TABLE IF EXISTS `friend_relation`;
/*!40101 SET @saved_cs_client     = @@character_set_client */;
/*!50503 SET character_set_client = utf8mb4 */;
CREATE TABLE `friend_relation` (
  `id` bigint NOT NULL AUTO_INCREMENT,
  `user_id` bigint NOT NULL COMMENT 'йҚҷжҲЈжҚЈйҸӮеңӯж•ӨйҺҙзЁ©D',
  `friend_id` bigint NOT NULL COMMENT 'йҺәгғҰж•№йҸӮеңӯж•ӨйҺҙзЁ©D',
  `status` varchar(20) NOT NULL DEFAULT 'PENDING' COMMENT 'йҗҳиҲө?: PENDING/ACCEPTED/REJECTED',
  `created_at` datetime NOT NULL DEFAULT CURRENT_TIMESTAMP COMMENT 'йҚ’ж¶ҳзј“йҸғе •жЈҝ',
  `updated_at` datetime NOT NULL DEFAULT CURRENT_TIMESTAMP ON UPDATE CURRENT_TIMESTAMP COMMENT 'йҸҮеӯҳжҹҠйҸғе •жЈҝ',
  PRIMARY KEY (`id`),
  UNIQUE KEY `uk_user_friend` (`user_id`,`friend_id`),
  KEY `idx_friend_id` (`friend_id`)
) ENGINE=InnoDB AUTO_INCREMENT=27 DEFAULT CHARSET=utf8mb4 COLLATE=utf8mb4_0900_ai_ci COMMENT='жҝӮи—үејёйҚҸеҙҮйғҙзҗӣ';
/*!40101 SET character_set_client = @saved_cs_client */;

--
-- Dumping data for table `friend_relation`
--

LOCK TABLES `friend_relation` WRITE;
/*!40000 ALTER TABLE `friend_relation` DISABLE KEYS */;
INSERT INTO `friend_relation` VALUES (11,1,7,'ACCEPTED','2026-06-03 18:21:30','2026-06-03 18:21:30'),(12,7,1,'ACCEPTED','2026-06-03 18:21:30','2026-06-03 18:21:30'),(13,6,7,'ACCEPTED','2026-06-03 18:24:41','2026-06-03 18:24:41'),(14,7,6,'ACCEPTED','2026-06-03 18:24:41','2026-06-03 18:24:41'),(19,6,2,'ACCEPTED','2026-06-03 18:24:50','2026-06-03 18:24:50'),(20,2,6,'ACCEPTED','2026-06-03 18:24:50','2026-06-03 18:24:50'),(23,5,7,'ACCEPTED','2026-06-03 18:42:59','2026-06-03 18:42:59'),(24,7,5,'ACCEPTED','2026-06-03 18:42:59','2026-06-03 18:42:59'),(25,3,7,'ACCEPTED','2026-06-03 18:46:06','2026-06-03 18:46:06'),(26,7,3,'ACCEPTED','2026-06-03 18:46:06','2026-06-03 18:46:06');
/*!40000 ALTER TABLE `friend_relation` ENABLE KEYS */;
UNLOCK TABLES;

--
-- Table structure for table `message`
--

DROP TABLE IF EXISTS `message`;
/*!40101 SET @saved_cs_client     = @@character_set_client */;
/*!50503 SET character_set_client = utf8mb4 */;
CREATE TABLE `message` (
  `id` bigint NOT NULL AUTO_INCREMENT,
  `sender_id` bigint NOT NULL COMMENT 'еҸ‘йҖҒиҖ…ID',
  `receiver_id` bigint NOT NULL COMMENT 'жҺҘж”¶иҖ…ID',
  `content` text NOT NULL COMMENT 'ж¶ҲжҒҜеҶ…е®№',
  `type` tinyint NOT NULL DEFAULT '1' COMMENT 'ж¶ҲжҒҜзұ»еһӢ: 1-ж–Үжң¬',
  `status` tinyint NOT NULL DEFAULT '0' COMMENT 'ж¶ҲжҒҜзҠ¶жҖҒ: 0-жңӘиҜ», 1-е·ІиҜ»',
  `create_time` datetime NOT NULL DEFAULT CURRENT_TIMESTAMP COMMENT 'еҸ‘йҖҒж—¶й—ҙ',
  PRIMARY KEY (`id`),
  KEY `idx_sender_receiver` (`sender_id`,`receiver_id`),
  KEY `idx_receiver_status` (`receiver_id`,`status`)
) ENGINE=InnoDB AUTO_INCREMENT=20 DEFAULT CHARSET=utf8mb4 COLLATE=utf8mb4_0900_ai_ci COMMENT='з§ҒиҒҠж¶ҲжҒҜиЎЁ';
/*!40101 SET character_set_client = @saved_cs_client */;

--
-- Dumping data for table `message`
--

LOCK TABLES `message` WRITE;
/*!40000 ALTER TABLE `message` DISABLE KEYS */;
INSERT INTO `message` VALUES (1,6,5,'дҪ еҘҪпјҢжҲ‘жҳҜytt1',1,1,'2026-06-03 14:41:25'),(2,5,6,'дҪ еҘҪпјҢжҲ‘жҳҜytt',1,1,'2026-06-03 14:42:10'),(3,5,1,'дҪ еҘҪпјҢжҲ‘жҳҜytt',1,1,'2026-06-03 14:43:02'),(4,1,5,'дҪ еҘҪ',1,1,'2026-06-03 14:53:36'),(5,6,5,'жөӢиҜ•',1,1,'2026-06-03 16:22:15'),(6,1,6,'жӮЁеңЁеҗ§дёӯзҡ„её–еӯҗгҖҢжөӢиҜ•жҙ»и·ғеәҰгҖҚе·Іиў«з®ЎзҗҶе‘ҳйҡҗи—Ҹ',1,1,'2026-06-03 16:54:41'),(7,1,5,'жӮЁеңЁеҗ§дёӯзҡ„её–еӯҗгҖҢжөӢиҜ•жҙ»и·ғеәҰжӣҙж–°гҖҚе·Іиў«з®ЎзҗҶе‘ҳйҡҗи—Ҹ',1,1,'2026-06-03 17:57:05'),(8,1,6,'жӮЁеңЁеҗ§дёӯзҡ„её–еӯҗгҖҢжөӢиҜ•зҪ®йЎ¶гҖҚе·Іиў«з®ЎзҗҶе‘ҳйҡҗи—Ҹ',1,1,'2026-06-03 18:01:08'),(9,1,6,'жӮЁеңЁеҗ§дёӯзҡ„её–еӯҗгҖҢжөӢиҜ•жҙ»и·ғеәҰгҖҚе·Іиў«з®ЎзҗҶе‘ҳеҲ йҷӨ',1,1,'2026-06-03 18:02:54'),(10,6,6,'иҙҙеҗ§гҖҢеӯҷеҗ§гҖҚе·Іиў«и§Јж•Ј',1,1,'2026-06-03 18:03:58'),(11,6,5,'иҙҙеҗ§гҖҢеӯҷеҗ§гҖҚе·Іиў«и§Јж•Ј',1,1,'2026-06-03 18:03:58'),(12,7,6,'иҙҙеҗ§гҖҢеӯҷеҗ§гҖҚе·Іиў«и§Јж•Ј',1,1,'2026-06-03 18:15:26'),(13,7,5,'иҙҙеҗ§гҖҢеӯҷеҗ§гҖҚе·Іиў«и§Јж•Ј',1,1,'2026-06-03 18:15:26'),(14,6,5,'дҪ еҘҪ',1,1,'2026-06-03 18:25:03'),(15,7,6,'жӮЁеңЁеҗ§дёӯзҡ„её–еӯҗгҖҢжөӢиҜ•зҪ®йЎ¶гҖҚе·Іиў«з®ЎзҗҶе‘ҳеҲ йҷӨ',1,1,'2026-06-03 18:42:31'),(16,7,5,'жӮЁеңЁеҗ§дёӯзҡ„её–еӯҗгҖҢжөӢиҜ•жҙ»и·ғеәҰжӣҙж–°гҖҚе·Іиў«з®ЎзҗҶе‘ҳеҲ йҷӨ',1,1,'2026-06-03 18:42:34'),(17,3,5,'з¬¬дёҖжқЎж¶ҲжҒҜжөӢиҜ•пјҲжңӘеҠ еҘҪеҸӢпјү',1,0,'2026-06-03 18:45:23'),(18,3,7,'дҪ еҘҪ',1,0,'2026-06-03 18:46:13'),(19,3,6,'жөӢиҜ•з¬¬дёҖжқЎж¶ҲжҒҜеҸ‘йҖҒпјҲжңӘеҠ еҘҪеҸӢпјү',1,0,'2026-06-03 18:50:58');
/*!40000 ALTER TABLE `message` ENABLE KEYS */;
UNLOCK TABLES;

--
-- Table structure for table `post`
--

DROP TABLE IF EXISTS `post`;
/*!40101 SET @saved_cs_client     = @@character_set_client */;
/*!50503 SET character_set_client = utf8mb4 */;
CREATE TABLE `post` (
  `id` bigint NOT NULL AUTO_INCREMENT,
  `board_id` bigint NOT NULL COMMENT 'жүҖеұһжқҝеқ—ID',
  `author_id` bigint NOT NULL COMMENT 'еҸ‘её–дәәID',
  `title` varchar(150) NOT NULL COMMENT 'её–еӯҗж Үйўҳ',
  `content` longtext NOT NULL COMMENT 'её–еӯҗжӯЈж–Ү',
  `type` varchar(20) NOT NULL DEFAULT 'NORMAL' COMMENT 'её–еӯҗзұ»еһӢ: NORMAL(жҷ®йҖҡиҙҙ), REWARD(йңҖжұӮжӮ¬иөҸиҙҙ)',
  `reward_points` int NOT NULL DEFAULT '0' COMMENT 'жӮ¬иөҸз§ҜеҲҶ(жҷ®йҖҡиҙҙдёә0)',
  `is_pinned` tinyint(1) NOT NULL DEFAULT '0' COMMENT 'жҳҜеҗҰжқҝеқ—еҶ…зҪ®йЎ¶ (0-еҗҰ, 1-жҳҜ)',
  `is_global_pinned` tinyint(1) NOT NULL DEFAULT '0' COMMENT 'жҳҜеҗҰе…ЁеұҖзҪ®йЎ¶ (0-еҗҰ, 1-жҳҜ)',
  `is_featured` tinyint(1) NOT NULL DEFAULT '0' COMMENT 'жҳҜеҗҰзІҫеҚҺеё– (0-еҗҰ, 1-жҳҜ)',
  `status` varchar(20) NOT NULL DEFAULT 'ACTIVE' COMMENT 'зҠ¶жҖҒ: ACTIVE(жӯЈеёё), DELETED(е·ІеҲ йҷӨ)',
  `created_at` datetime NOT NULL DEFAULT CURRENT_TIMESTAMP COMMENT 'еҸ‘её–ж—¶й—ҙ',
  `updated_at` datetime NOT NULL DEFAULT CURRENT_TIMESTAMP ON UPDATE CURRENT_TIMESTAMP COMMENT 'жӣҙж–°ж—¶й—ҙ',
  PRIMARY KEY (`id`),
  KEY `idx_author_id` (`author_id`),
  KEY `idx_board_id` (`board_id`),
  KEY `idx_created_at` (`created_at`)
) ENGINE=InnoDB AUTO_INCREMENT=10 DEFAULT CHARSET=utf8mb4 COLLATE=utf8mb4_0900_ai_ci COMMENT='её–еӯҗиЎЁ';
/*!40101 SET character_set_client = @saved_cs_client */;

--
-- Dumping data for table `post`
--

LOCK TABLES `post` WRITE;
/*!40000 ALTER TABLE `post` DISABLE KEYS */;
INSERT INTO `post` VALUES (1,1,5,'иҝҷжҳҜдёҖдёӘеё–еӯҗ','rt','NORMAL',0,0,0,0,'NORMAL','2026-06-01 10:30:31','2026-06-01 10:30:31'),(2,2,5,'дҪ еҘҪ','дҪ еҘҪе•Ҡ','NORMAL',0,0,0,0,'NORMAL','2026-06-03 13:35:31','2026-06-03 13:35:31'),(3,1,6,'жөӢиҜ•','жөӢиҜ•ing\n','NORMAL',0,0,0,0,'NORMAL','2026-06-03 13:42:41','2026-06-03 13:42:41'),(4,3,5,'дҪ еҘҪ','дҪ еҘҪ','NORMAL',0,0,0,0,'NORMAL','2026-06-03 13:47:09','2026-06-03 13:47:09'),(5,1,5,'жөӢиҜ•','жөӢиҜ•жӮ¬иөҸеё–еӯҗ','REWARD',0,0,0,0,'ACTIVE','2026-06-03 14:43:55','2026-06-03 14:53:46'),(6,2,5,'жөӢиҜ•жӮ¬иөҸ','жөӢиҜ•жӮ¬иөҸ','REWARD',0,0,0,0,'ACTIVE','2026-06-03 14:56:24','2026-06-03 14:56:43'),(7,5,6,'жөӢиҜ•зҪ®йЎ¶','жөӢиҜ•','NORMAL',0,1,0,1,'DELETED','2026-06-03 15:22:24','2026-06-03 18:42:31'),(8,5,5,'жөӢиҜ•жҙ»и·ғеәҰжӣҙж–°','жөӢиҜ•','NORMAL',0,0,0,0,'DELETED','2026-06-03 16:13:07','2026-06-03 18:42:34'),(9,5,6,'жөӢиҜ•жҙ»и·ғеәҰ','жөӢиҜ•','NORMAL',0,0,0,0,'ACTIVE','2026-06-03 16:14:50','2026-06-03 18:02:58');
/*!40000 ALTER TABLE `post` ENABLE KEYS */;
UNLOCK TABLES;

--
-- Table structure for table `post_favorite`
--

DROP TABLE IF EXISTS `post_favorite`;
/*!40101 SET @saved_cs_client     = @@character_set_client */;
/*!50503 SET character_set_client = utf8mb4 */;
CREATE TABLE `post_favorite` (
  `id` bigint NOT NULL AUTO_INCREMENT,
  `user_id` bigint NOT NULL COMMENT 'з”ЁжҲ·ID',
  `post_id` bigint NOT NULL COMMENT 'её–еӯҗID',
  `create_time` datetime NOT NULL DEFAULT CURRENT_TIMESTAMP COMMENT 'ж”¶и—Ҹж—¶й—ҙ',
  PRIMARY KEY (`id`),
  UNIQUE KEY `uk_fav_user_post` (`user_id`,`post_id`),
  KEY `idx_fav_user_id` (`user_id`),
  KEY `idx_fav_post_id` (`post_id`)
) ENGINE=InnoDB AUTO_INCREMENT=4 DEFAULT CHARSET=utf8mb4 COLLATE=utf8mb4_0900_ai_ci COMMENT='её–еӯҗж”¶и—ҸиЎЁ';
/*!40101 SET character_set_client = @saved_cs_client */;

--
-- Dumping data for table `post_favorite`
--

LOCK TABLES `post_favorite` WRITE;
/*!40000 ALTER TABLE `post_favorite` DISABLE KEYS */;
INSERT INTO `post_favorite` VALUES (1,5,1,'2026-06-01 22:07:17'),(2,5,8,'2026-06-03 16:13:13'),(3,6,8,'2026-06-03 16:21:49');
/*!40000 ALTER TABLE `post_favorite` ENABLE KEYS */;
UNLOCK TABLES;

--
-- Table structure for table `post_like`
--

DROP TABLE IF EXISTS `post_like`;
/*!40101 SET @saved_cs_client     = @@character_set_client */;
/*!50503 SET character_set_client = utf8mb4 */;
CREATE TABLE `post_like` (
  `id` bigint NOT NULL AUTO_INCREMENT,
  `user_id` bigint NOT NULL COMMENT 'з”ЁжҲ·ID',
  `post_id` bigint NOT NULL COMMENT 'её–еӯҗID',
  `create_time` datetime NOT NULL DEFAULT CURRENT_TIMESTAMP COMMENT 'зӮ№иөһж—¶й—ҙ',
  PRIMARY KEY (`id`),
  UNIQUE KEY `uk_like_user_post` (`user_id`,`post_id`),
  KEY `idx_like_user_id` (`user_id`),
  KEY `idx_like_post_id` (`post_id`)
) ENGINE=InnoDB AUTO_INCREMENT=8 DEFAULT CHARSET=utf8mb4 COLLATE=utf8mb4_0900_ai_ci COMMENT='её–еӯҗзӮ№иөһиЎЁ';
/*!40101 SET character_set_client = @saved_cs_client */;

--
-- Dumping data for table `post_like`
--

LOCK TABLES `post_like` WRITE;
/*!40000 ALTER TABLE `post_like` DISABLE KEYS */;
INSERT INTO `post_like` VALUES (1,5,1,'2026-06-01 22:07:10'),(2,6,1,'2026-06-03 13:38:30'),(3,6,3,'2026-06-03 14:34:51'),(4,5,8,'2026-06-03 16:13:13'),(5,6,9,'2026-06-03 16:14:58'),(7,6,8,'2026-06-03 16:28:49');
/*!40000 ALTER TABLE `post_like` ENABLE KEYS */;
UNLOCK TABLES;

--
-- Table structure for table `recharge_order`
--

DROP TABLE IF EXISTS `recharge_order`;
/*!40101 SET @saved_cs_client     = @@character_set_client */;
/*!50503 SET character_set_client = utf8mb4 */;
CREATE TABLE `recharge_order` (
  `id` bigint NOT NULL AUTO_INCREMENT,
  `user_id` bigint NOT NULL COMMENT 'йҗўг„ҰеҹӣID',
  `order_no` varchar(32) NOT NULL COMMENT 'з’ҒгҲ еҙҹйҚҷ',
  `amount` decimal(10,2) NOT NULL COMMENT 'йҚҸе‘ӯ?й–ІжҲҰ?(йҚҸ?',
  `points` int NOT NULL COMMENT 'й‘ҫеі°з·ұз»ү?еһҺ',
  `status` varchar(20) NOT NULL DEFAULT 'PENDING' COMMENT 'йҗҳиҲө?: PENDING/COMPLETED/CANCELLED',
  `created_at` datetime NOT NULL DEFAULT CURRENT_TIMESTAMP COMMENT 'йҚ’ж¶ҳзј“йҸғе •жЈҝ',
  `completed_at` datetime DEFAULT NULL COMMENT 'зҖ№еұҫеһҡйҸғе •жЈҝ',
  PRIMARY KEY (`id`),
  UNIQUE KEY `uk_order_no` (`order_no`),
  KEY `idx_user_id` (`user_id`)
) ENGINE=InnoDB AUTO_INCREMENT=4 DEFAULT CHARSET=utf8mb4 COLLATE=utf8mb4_0900_ai_ci COMMENT='йҚҸе‘ӯ?з’ҒгҲ еҙҹзҗӣ';
/*!40101 SET character_set_client = @saved_cs_client */;

--
-- Dumping data for table `recharge_order`
--

LOCK TABLES `recharge_order` WRITE;
/*!40000 ALTER TABLE `recharge_order` DISABLE KEYS */;
INSERT INTO `recharge_order` VALUES (1,6,'RC1780467296719_6_2689',10.00,100,'COMPLETED','2026-06-03 14:14:57','2026-06-03 14:14:57'),(2,6,'RC1780467311007_6_6669',100.00,1000,'COMPLETED','2026-06-03 14:15:11','2026-06-03 14:15:11'),(3,5,'RC1780468117444_5_6472',10.00,100,'COMPLETED','2026-06-03 14:28:37','2026-06-03 14:28:37');
/*!40000 ALTER TABLE `recharge_order` ENABLE KEYS */;
UNLOCK TABLES;

--
-- Table structure for table `user`
--

DROP TABLE IF EXISTS `user`;
/*!40101 SET @saved_cs_client     = @@character_set_client */;
/*!50503 SET character_set_client = utf8mb4 */;
CREATE TABLE `user` (
  `id` bigint NOT NULL AUTO_INCREMENT,
  `username` varchar(50) NOT NULL COMMENT 'з”ЁжҲ·еҗҚ',
  `password` varchar(255) NOT NULL COMMENT 'еҜҶз Ғ(еҠ еҜҶ)',
  `email` varchar(100) DEFAULT NULL COMMENT 'йӮ®з®ұ',
  `phone` varchar(20) DEFAULT NULL COMMENT 'иҒ”зі»ж–№ејҸ',
  `job_nature` varchar(50) DEFAULT NULL COMMENT 'е·ҘдҪңжҖ§иҙЁ',
  `location` varchar(100) DEFAULT NULL COMMENT 'е·ҘдҪңең°зӮ№',
  `points` int NOT NULL DEFAULT '0' COMMENT 'з”ЁжҲ·з§ҜеҲҶ(з”ЁдәҺеҸ‘жӮ¬иөҸ)',
  `global_role` varchar(20) NOT NULL DEFAULT 'USER' COMMENT 'е…ЁеұҖи§’иүІ: USER(жҷ®йҖҡз”ЁжҲ·), SYS_ADMIN(зі»з»ҹз®ЎзҗҶе‘ҳ)',
  `status` varchar(20) NOT NULL DEFAULT 'ACTIVE' COMMENT 'зҠ¶жҖҒ: ACTIVE(жӯЈеёё), BANNED(е°ҒзҰҒ)',
  `avatar` varchar(500) DEFAULT NULL COMMENT 'еӨҙеғҸURL',
  `bio` varchar(500) DEFAULT NULL COMMENT 'дёӘдәәз®Җд»Ӣ',
  `created_at` datetime NOT NULL DEFAULT CURRENT_TIMESTAMP COMMENT 'жіЁеҶҢж—¶й—ҙ',
  `updated_at` datetime NOT NULL DEFAULT CURRENT_TIMESTAMP ON UPDATE CURRENT_TIMESTAMP COMMENT 'жӣҙж–°ж—¶й—ҙ',
  PRIMARY KEY (`id`),
  UNIQUE KEY `uk_username` (`username`)
) ENGINE=InnoDB AUTO_INCREMENT=8 DEFAULT CHARSET=utf8mb4 COLLATE=utf8mb4_0900_ai_ci COMMENT='з”ЁжҲ·иЎЁ';
/*!40101 SET character_set_client = @saved_cs_client */;

--
-- Dumping data for table `user`
--

LOCK TABLES `user` WRITE;
/*!40000 ALTER TABLE `user` DISABLE KEYS */;
INSERT INTO `user` VALUES (1,'fx','$2a$10$VFcSDdlOqS2nSrELQ6Uqp.Px6dog/6laE2pUGOUyDpukSyeFKh.fC',NULL,NULL,NULL,NULL,14,'SYS_ADMIN','ACTIVE',NULL,'жҲ‘жҳҜдёҖдёӘжү«зҰҸз‘һ','2026-05-26 22:25:13','2026-05-27 16:22:08'),(2,'admin','$2a$10$N.zmdr9k7uOCQb376NoUnuTJ8iAt6Z5EHsM8lE9lBOsl7iAt6Z5Eh',NULL,NULL,NULL,NULL,9999,'SYS_ADMIN','ACTIVE',NULL,NULL,'2026-05-27 16:13:45','2026-05-27 16:13:45'),(3,'жү«зҰҸз‘һ','$2a$10$GCGnUcPgIDk9ye.gyEbO5.yqGNy2D/M4BLXGBIXPU.U5kKY9uHqhq',NULL,NULL,NULL,NULL,13,'USER','ACTIVE',NULL,'жҲ‘жҳҜзҒ«иҪҰз«ҷ','2026-05-27 16:24:49','2026-05-27 16:25:30'),(4,'testban','$2a$10$BW3M202Qz.a5qpuPMAuCs.WlmBUtAVhZj0psnJ961wUOBZUCi4PLe',NULL,NULL,NULL,NULL,0,'USER','ACTIVE',NULL,NULL,'2026-05-27 16:40:46','2026-05-27 16:40:46'),(5,'ytt','$2a$10$Beed0hw7oxviy2LY3KUdBeU46TmL2ksnLov3unfzBe4cvIJ4BfO4e','123','123','еӯҰз”ҹ','еҚ—жҳҢ',110,'USER','ACTIVE','/uploads/avatars/avatar_5_14105de0.jpg','дҪ еҸҜд»ҘеҸ«жҲ‘YellowToTruth','2026-05-27 19:50:10','2026-06-03 15:17:25'),(6,'ytt1','$2a$10$acC3hx5wawQm3.RJzX8vzuDcIi9sH0LL897HlJ/Q7WIegpli8Y8qq',NULL,NULL,NULL,NULL,1116,'USER','ACTIVE',NULL,NULL,'2026-06-03 13:37:12','2026-06-03 13:37:12'),(7,'зі»з»ҹйҖҡзҹҘ','$2a$10$1CTJyV1ZvVYerEGNan.YgOwik9TJb9YLhfL6KPqpwiuR0z4lwtCnW',NULL,NULL,NULL,NULL,0,'NOTIFY_ADMIN','ACTIVE',NULL,'зі»з»ҹйҖҡзҹҘиҙҰеҸ·пјҢз”ұжүҖжңүзі»з»ҹз®ЎзҗҶе‘ҳе…ұеҗҢиҝҗиҗҘ','2026-06-03 18:15:07','2026-06-03 18:15:07');
/*!40000 ALTER TABLE `user` ENABLE KEYS */;
UNLOCK TABLES;

--
-- Table structure for table `user_board_relation`
--

DROP TABLE IF EXISTS `user_board_relation`;
/*!40101 SET @saved_cs_client     = @@character_set_client */;
/*!50503 SET character_set_client = utf8mb4 */;
CREATE TABLE `user_board_relation` (
  `id` bigint NOT NULL AUTO_INCREMENT,
  `user_id` bigint NOT NULL,
  `board_id` bigint NOT NULL,
  `board_role` varchar(20) NOT NULL DEFAULT 'MEMBER' COMMENT 'жқҝеқ—и§’иүІ: OWNER(зүҲдё»), ADMIN(е°Ҹеҗ§), MEMBER(жҲҗе‘ҳ), MUTED(зҰҒиЁҖ)',
  `join_time` datetime NOT NULL DEFAULT CURRENT_TIMESTAMP COMMENT 'еҠ е…Ҙж—¶й—ҙ',
  `activity_points` int NOT NULL DEFAULT '0' COMMENT 'жҙ»и·ғеәҰз§ҜеҲҶ',
  PRIMARY KEY (`id`),
  UNIQUE KEY `uk_user_board` (`user_id`,`board_id`),
  KEY `idx_board_id` (`board_id`),
  KEY `idx_user_id` (`user_id`)
) ENGINE=InnoDB AUTO_INCREMENT=7 DEFAULT CHARSET=utf8mb4 COLLATE=utf8mb4_0900_ai_ci COMMENT='з”ЁжҲ·дёҺжқҝеқ—жқғйҷҗе…іиҒ”иЎЁ';
/*!40101 SET character_set_client = @saved_cs_client */;

--
-- Dumping data for table `user_board_relation`
--

LOCK TABLES `user_board_relation` WRITE;
/*!40000 ALTER TABLE `user_board_relation` DISABLE KEYS */;
INSERT INTO `user_board_relation` VALUES (1,6,4,'OWNER','2026-06-03 14:15:36',0),(2,5,5,'OWNER','2026-06-03 15:16:27',7),(3,6,5,'MEMBER','2026-06-03 16:14:41',10),(5,5,4,'MEMBER','2026-06-03 18:02:32',0),(6,3,4,'MEMBER','2026-06-03 18:47:04',0);
/*!40000 ALTER TABLE `user_board_relation` ENABLE KEYS */;
UNLOCK TABLES;
/*!40103 SET TIME_ZONE=@OLD_TIME_ZONE */;

/*!40101 SET SQL_MODE=@OLD_SQL_MODE */;
/*!40014 SET FOREIGN_KEY_CHECKS=@OLD_FOREIGN_KEY_CHECKS */;
/*!40014 SET UNIQUE_CHECKS=@OLD_UNIQUE_CHECKS */;
/*!40101 SET CHARACTER_SET_CLIENT=@OLD_CHARACTER_SET_CLIENT */;
/*!40101 SET CHARACTER_SET_RESULTS=@OLD_CHARACTER_SET_RESULTS */;
/*!40101 SET COLLATION_CONNECTION=@OLD_COLLATION_CONNECTION */;
/*!40111 SET SQL_NOTES=@OLD_SQL_NOTES */;

-- Dump completed on 2026-06-03 19:02:13
